,Actors,Awards,Country,Director,Genre,Language,Plot,Poster,Rated,Released,Runtime in minutes,Title,Type,Writer,Year,imdbID,imdbRating,imdbVotes,totalSeasons
0,"Rami Malek, Christian Slater, Carly Chaikin, Martin Wallstr??m",Won 2 Golden Globes. Another 18 wins & 77 nominations.,USA,Sam Esmail,"Crime, Drama, Thriller","English, Swedish, Danish, Chinese, Persian","Elliot, a brilliant but highly unstable young cyber-security engineer and vigilante hacker, becomes a key figure in a complex game of global dominance when he and his shadowy allies try to take down the corrupt corporation he works for.",https://m.media-amazon.com/images/M/MV5BMzgxMmQxZjQtNDdmMC00MjRlLTk1MDEtZDcwNTdmOTg0YzA2XkEyXkFqcGdeQXVyMzQ2MDI5NjU@._V1_SX300.jpg,TV-MA,24-Jun-15,49,Mr. Robot,series,Sam Esmail,2015-2019,tt4158110,8.5,307790,4
1,"Cillian Murphy, Paul Anderson, Helen McCrory, Sophie Rundle",15 wins & 33 nominations.,UK,,"Crime, Drama","Italian, Yiddish, English, Romanian, Irish","A gangster family epic set in 1919 Birmingham, England; centered on a gang who sew razor blades in the peaks of their caps, and their fierce boss Tommy Shelby.",https://m.media-amazon.com/images/M/MV5BMTkzNjEzMDEzMF5BMl5BanBnXkFtZTgwMDI0MjE4MjE@._V1_SX300.jpg,TV-MA,30-Sep-14,60,Peaky Blinders,series,Steven Knight,2013-,tt2442560,8.8,263526,5
2,"Karoline Eichhorn, Louis Hofmann, J??rdis Triebel, Maja Sch??ne",5 wins & 17 nominations.,"Germany, USA",,"Crime, Drama, Mystery, Sci-Fi, Thriller",German,"A family saga with a supernatural twist, set in a German town, where the disappearance of two young children exposes the relationships among four families.",https://m.media-amazon.com/images/M/MV5BMmIyZjA3NGUtYjlhNS00ZDlkLWI0MDgtMDc2YWNjNGMwYWZhXkEyXkFqcGdeQXVyMzY0MTE3NzU@._V1_SX300.jpg,TV-MA,01-Dec-17,60,Dark,series,"Baran bo Odar, Jantje Friese",2017-,tt5753856,8.7,160927,3
3,"Bryan Cranston, Anna Gunn, Aaron Paul, Betsy Brandt",Won 2 Golden Globes. Another 151 wins & 234 nominations.,USA,,"Crime, Drama, Thriller","English, Spanish",A high school chemistry teacher diagnosed with inoperable lung cancer turns to manufacturing and selling methamphetamine in order to secure his family's future.,https://m.media-amazon.com/images/M/MV5BMjhiMzgxZTctNDc1Ni00OTIxLTlhMTYtZTA3ZWFkODRkNmE2XkEyXkFqcGdeQXVyNzkwMjQ5NzM@._V1_SX300.jpg,TV-MA,20-Jan-08,49,Breaking Bad,series,Vince Gilligan,2008-2013,tt0903747,9.5,1313775,5
4,"Peter Dinklage, Lena Headey, Emilia Clarke, Kit Harington",Won 1 Golden Globe. Another 273 wins & 454 nominations.,"USA, UK",,"Action, Adventure, Drama, Fantasy, Romance",English,"Nine noble families fight for control over the mythical lands of Westeros, while an ancient enemy returns after being dormant for thousands of years.",https://m.media-amazon.com/images/M/MV5BMjA5NzA5NjMwNl5BMl5BanBnXkFtZTgwNjg2OTk2NzM@._V1_SX300.jpg,TV-MA,17-Apr-11,57,Game of Thrones,series,"David Benioff, D.B. Weiss",2011-,tt0944947,9.5,1429496,8
5,"Norman Reedus, Melissa McBride, Danai Gurira, Andrew Lincoln",Nominated for 1 Golden Globe. Another 76 wins & 207 nominations.,USA,,"Drama, Horror, Thriller",English,"Sheriff Deputy Rick Grimes wakes up from a coma to learn the world is in ruins, and must lead a group of survivors to stay alive.",https://m.media-amazon.com/images/M/MV5BYTUwOTM3ZGUtMDZiNy00M2I3LWI1ZWEtYzhhNGMyZjI3MjBmXkEyXkFqcGdeQXVyMTkxNjUyNQ@@._V1_SX300.jpg,TV-MA,31-Oct-10,44,The Walking Dead,series,"Frank Darabont, Angela Kang",2010-,tt1520211,8.2,817703,11
6,"Matthew McConaughey, Colin Farrell, Mahershala Ali, Woody Harrelson",Nominated for 4 Golden Globes. Another 30 wins & 82 nominations.,USA,,"Crime, Drama, Mystery, Thriller",English,"Seasonal anthology series in which police investigations unearth the personal and professional secrets of those involved, both within and outside the law.",https://m.media-amazon.com/images/M/MV5BMTUwMGM2ZmYtZGEyZC00OWQyLWI2Y2QtMTdjYzMxZGJmNjhjXkEyXkFqcGdeQXVyNjU2ODM5MjU@._V1_SX300.jpg,TV-MA,12-Jan-14,55,True Detective,series,Nic Pizzolatto,2014-,tt2356777,9,464723,3
7,"Jason Momoa, Sylvia Hoeks, Hera Hilmar, Christian Camargo",1 nomination.,USA,,"Action, Drama, Sci-Fi",English,"Far in a dystopian future, the human race has lost the sense of sight, and society has had to find new ways to interact, build, hunt, and to survive. All of that is challenged when a set of twins is born with sight.",https://m.media-amazon.com/images/M/MV5BYWI2ZmM5ZTgtOTgxYS00MTQ4LThkMjQtZjBlNGM3NjQ5YTI5XkEyXkFqcGdeQXVyMDM2NDM2MQ@@._V1_SX300.jpg,TV-MA,01-Nov-19,60,See,series,Steven Knight,2019-,tt7949218,7.6,29802,1
8,"Dan Castellaneta, Nancy Cartwright, Harry Shearer, Julie Kavner",Nominated for 1 Golden Globe. Another 168 wins & 302 nominations.,USA,,"Animation, Comedy","English, Spanish, Albanian, French, Japanese, German, Russian, Hindi, Swahili, Italian, Swedish, Turkish, Cantonese, Mandarin, Hebrew, Arabic, Klingon, Bengali, Czech",The satiric adventures of a working-class family in the misfit city of Springfield.,https://m.media-amazon.com/images/M/MV5BYjFkMTlkYWUtZWFhNy00M2FmLThiOTYtYTRiYjVlZWYxNmJkXkEyXkFqcGdeQXVyNTAyODkwOQ@@._V1_SX300.jpg,TV-PG,17-Dec-89,22,The Simpsons,series,"James L. Brooks, Matt Groening, Sam Simon",1989-,tt0096697,8.7,328282,31
9,"Bob Odenkirk, Jonathan Banks, Rhea Seehorn, Patrick Fabian",Nominated for 3 Golden Globes. Another 27 wins & 148 nominations.,USA,,"Crime, Drama","English, Spanish, Vietnamese","The trials and tribulations of criminal lawyer Jimmy McGill in the time before he established his strip-mall law office in Albuquerque, New Mexico.",https://m.media-amazon.com/images/M/MV5BMGE4YzY4NGEtOWYyYS00ZDk2LWExMmMtZDIyODhiMmNlMGE0XkEyXkFqcGdeQXVyMTkxNjUyNQ@@._V1_SX300.jpg,TV-MA,08-Feb-15,46,Better Call Saul,series,"Vince Gilligan, Peter Gould",2015-,tt3032476,8.7,269519,6
10,"Evan Rachel Wood, Jeffrey Wright, Ed Harris, Tessa Thompson",Nominated for 4 Golden Globes. Another 47 wins & 150 nominations.,USA,,"Drama, Mystery, Sci-Fi, Western",English,"Set at the intersection of the near future and the reimagined past, explore a world in which every human appetite can be indulged without consequence.",https://m.media-amazon.com/images/M/MV5BYjQwODU3ZDgtNmNmNC00YWRmLTk0MmYtYTdhYzY0M2I0Mzk1XkEyXkFqcGdeQXVyMTkxNjUyNQ@@._V1_SX300.jpg,TV-MA,02-Oct-16,62,Westworld,series,"Lisa Joy, Jonathan Nolan",2016-,tt0475784,8.7,375039,3
11,"Freddie Highmore, Nicholas Gonzalez, Antonia Thomas, Hill Harper",Nominated for 1 Golden Globe. Another 1 win & 14 nominations.,USA,,Drama,English,"Shaun Murphy, a young surgeon with autism and Savant syndrome, is recruited into the surgical unit of a prestigious hospital.",https://m.media-amazon.com/images/M/MV5BMmUyNTQwYjItMzc5Ny00MDg4LWIxMTMtNDBmNjQ0MmIwNjNmXkEyXkFqcGdeQXVyMTkxNjUyNQ@@._V1_SX300.jpg,TV-14,25-Sep-17,41,The Good Doctor,series,David Shore,2017-,tt6470478,8.2,51862,3
12,"Katheryn Winnick, Gustaf Skarsg?ùrd, Alexander Ludwig, Georgia Hirst",Nominated for 13 Primetime Emmys. Another 32 wins & 97 nominations.,"Ireland, Canada",,"Action, Adventure, Drama, History, Romance, War","French, Arabic, English, Old English, Norse,  Old, Latin","Vikings transports us to the brutal and mysterious world of Ragnar Lothbrok, a Viking warrior and farmer who yearns to explore - and raid - the distant shores across the ocean.",https://m.media-amazon.com/images/M/MV5BNjIzZjljZmQtOGNiYi00YmY2LWE1MGYtN2VlMmEyZDBlMzRmXkEyXkFqcGdeQXVyMTkxNjUyNQ@@._V1_SX300.jpg,TV-MA,03-Mar-13,44,Vikings,series,Michael Hirst,2013-,tt2306299,8.6,375652,6
13,"Penn Badgley, Ambyr Childers, Victoria Pedretti, Elizabeth Lail",1 win & 4 nominations.,USA,,"Crime, Drama, Romance, Thriller",English,"A dangerously charming, intensely obsessive young man goes to extreme measures to insert himself into the lives of those he is transfixed by.",https://m.media-amazon.com/images/M/MV5BZDJjOTg4OWYtYWIyOS00MjQ3LTg5ZDktYzU2N2RkNmYzNjZlXkEyXkFqcGdeQXVyMzQ2MDI5NjU@._V1_SX300.jpg,TV-MA,09-Sep-18,45,You,series,"Sera Gamble, Greg Berlanti",2018-,tt7335184,7.8,109408,2
14,"Dafne Keen, Kit Connor, Amir Wilson, Andrew Scott",1 win & 4 nominations.,"UK, USA",,"Adventure, Drama, Family, Fantasy",English,A young girl is destined to liberate her world from the grip of the Magisterium which represses people's ties to magic and their animal spirits known as daemons.,https://m.media-amazon.com/images/M/MV5BN2RjNWQzNTQtMmY4Yi00Yzk5LWFiODItY2EyZjBmNjZmYmI2XkEyXkFqcGdeQXVyMTkxNjUyNQ@@._V1_SX300.jpg,TV-14,04-Nov-19,60,His Dark Materials,series,,2019-,tt5607976,8,31145,1
15,"Gabriel Chavarria, Derek Luke, Hannah Emily Anderson, Max Martini",2 nominations.,USA,,"Action, Drama, Horror, Sci-Fi, Thriller","English, Spanish, French","Set in an altered United States, several unrelated people discover how far they will go to survive a night where all crime is legal for 12 hours.",https://m.media-amazon.com/images/M/MV5BMjk1YWE0OWYtMzYwMi00MGZhLTkyMGMtMzU1YjRlZjE1OWQyXkEyXkFqcGdeQXVyMTQxNzMzNDI@._V1_SX300.jpg,TV-MA,04-Sep-18,42,The Purge,series,James DeMonaco,2018-,tt6110648,6.4,9769,2
16,"Henry Cavill, Freya Allan, Anya Chalotra, Mimi Ndiweni",,"USA, Poland",Tomek Baginski,"Action, Adventure, Drama, Fantasy, Horror, Mystery",English,"Geralt of Rivia, a solitary monster hunter, struggles to find his place in a world where people often prove more wicked than beasts.",https://m.media-amazon.com/images/M/MV5BOGE4MmVjMDgtMzIzYy00NjEwLWJlODMtMDI1MGY2ZDlhMzE2XkEyXkFqcGdeQXVyMzY0MTE3NzU@._V1_SX300.jpg,TV-MA,20-Dec-19,60,The Witcher,series,Lauren Schmidt,2019-,tt5180504,8.3,229401,2
17,"Reese Witherspoon, Nicole Kidman, Shailene Woodley, Zo?? Kravitz",Won 4 Golden Globes. Another 48 wins & 75 nominations.,USA,,"Crime, Drama, Mystery",English,"The apparently perfect lives of upper-class mothers, at a prestigious elementary school, unravel to the point of murder when a single-mother moves to their quaint Californian beach town.",https://m.media-amazon.com/images/M/MV5BZmNjYzdjN2ItOTBlNy00Mjc0LWE4YmMtYTQ4ZjQzNTMyNDc4XkEyXkFqcGdeQXVyMTkxNjUyNQ@@._V1_SX300.jpg,TV-MA,19-Feb-17,60,Big Little Lies,series,David E. Kelley,2017-2019,tt3920596,8.5,132090,2
18,"Dominic West, John Doman, Deirdre Lovejoy, Wendell Pierce",Nominated for 2 Primetime Emmys. Another 16 wins & 51 nominations.,USA,,"Crime, Drama, Thriller","English, Greek, Mandarin, Spanish","The Baltimore drug scene, as seen through the eyes of drug dealers and law enforcement.",https://m.media-amazon.com/images/M/MV5BZmY5ZDMxODEtNWIwOS00NjdkLTkyMjktNWRjMDhmYjJjN2RmXkEyXkFqcGdeQXVyNTA4NzY1MzY@._V1_SX300.jpg,TV-MA,02-Jun-02,59,The Wire,series,David Simon,2002-2008,tt0306414,9.3,260549,5
19,"Peter Krause, Michael C. Hall, Frances Conroy, Lauren Ambrose",Won 3 Golden Globes. Another 55 wins & 162 nominations.,USA,,"Comedy, Drama",English,A chronicle of the lives of a dysfunctional family who run an independent funeral home in Los Angeles.,https://m.media-amazon.com/images/M/MV5BMTQzODk5N2UtYjE4ZC00YWM1LWJkMGYtYmY2NjNjMjIzZDRmXkEyXkFqcGdeQXVyNTE1NjY5Mg@@._V1_SX300.jpg,TV-MA,03-Jun-01,55,Six Feet Under,series,Alan Ball,2001-2005,tt0248654,8.7,114650,5
20,"Bill Paxton, Jeanne Tripplehorn, Chlo?? Sevigny, Ginnifer Goodwin",Won 1 Golden Globe. Another 6 wins & 45 nominations.,USA,,Drama,English,A polygamist and his relationship with his three wives.,https://m.media-amazon.com/images/M/MV5BMTkxMjEzNTE0Ml5BMl5BanBnXkFtZTcwNTM3MDAzNA@@._V1_SX300.jpg,TV-MA,12-Mar-06,60,Big Love,series,"Mark V. Olsen, Will Scheffer",2006-2011,tt0421030,7.5,19488,5
21,"Steve Buscemi, Kelly Macdonald, Michael Shannon, Shea Whigham",Won 2 Golden Globes. Another 62 wins & 183 nominations.,USA,,"Crime, Drama, History",English,An Atlantic City politician plays both sides of the law by conspiring with gangsters during the Prohibition era.,https://m.media-amazon.com/images/M/MV5BYTYxNzc5ZmYtODcyNi00ZWUwLWExNWUtY2Y0YTlhZDBlMGU1XkEyXkFqcGdeQXVyNzQ1ODk3MTQ@._V1_SX300.jpg,TV-MA,19-Sep-10,55,Boardwalk Empire,series,Terence Winter,2010-2014,tt0979432,8.5,164862,5
22,"Tim Robbins, Holly Hunter, Daniel Zovatto, Jerrika Hinton",1 nomination.,USA,,"Comedy, Drama, Fantasy",English,"A dark dramedy about a progressive Portlandian family made up of husband, wife, three adopted children from Liberia, Vietnam and Colombia and one biological daughter who find their sanity tested and values challenged in 2018 America.",https://m.media-amazon.com/images/M/MV5BMTk2NDIwOTg4M15BMl5BanBnXkFtZTgwOTAxMzc1NDM@._V1_SX300.jpg,TV-MA,11-Feb-18,60,Here and Now,series,Alan Ball,2018,tt5923012,6.8,4187,1
23,Gabriel Byrne,Won 1 Golden Globe. Another 6 wins & 41 nominations.,USA,,Drama,English,"A psychotherapist questions his abilities and gets help by reuniting with his old therapist, whom he has not seen for ten years.",https://m.media-amazon.com/images/M/MV5BNjM4NzMzMDI1NF5BMl5BanBnXkFtZTcwOTE2MTMwNA@@._V1_SX300.jpg,TV-MA,28-Jan-08,25,In Treatment,series,"Rodrigo Garc??a, Hagai Levi, Nir Bergman, Ori Sivan",2008-2010,tt0835434,8.3,14619,3
24,"Rebecca De Mornay, Greyson Fletcher, Willie Garson, Bruce Greenwood",,USA,,Drama,English,"In Imperial Beach, California, the dysfunctional Yost family intersects with two new arrivals to the community: a dim-but-wealthy surfing enthusiast and man spurned by the Yosts years ago.",https://m.media-amazon.com/images/M/MV5BMTMyNTM2MDYyMF5BMl5BanBnXkFtZTcwOTg4NDA1MQ@@._V1_SX300.jpg,,10-Jun-07,55,John from Cincinnati,series,"David Milch, Kem Nunn",2007,tt0814164,7.1,4537,1
25,"Claes Bang, Dolly Wells, Morfydd Clark",,UK,,"Drama, Horror",English,"In 1897 Transylvania, the blood-drinking Count draws his plans against Victorian London.",https://m.media-amazon.com/images/M/MV5BNTBmNzM4ZGMtMTE3OC00Mjc4LWE3OGEtYzA3ZmQ1MGJkNjMyXkEyXkFqcGdeQXVyNDk3ODk4OQ@@._V1_SX300.jpg,TV-14,04-Jan-20,270,Dracula,series,,2020-,tt9139220,6.8,33989,1
26,"Hye-Jun Kim, Doona Bae, Greg Chun, Jun-ho Heo",,"South Korea, USA",,"Action, Drama, Horror, Thriller",Korean,"While strange rumors about their ill king grip a kingdom, the crown prince becomes their only hope against a mysterious plague overtaking the land.",https://m.media-amazon.com/images/M/MV5BMmMzYzE5NzctZGZmZC00MmVkLTllMWUtZDY3YzIzYWEyMTIxXkEyXkFqcGdeQXVyNTI2MzI4NTU@._V1_SX300.jpg,TV-MA,25-Jan-19,45,Kingdom,series,,2019-,tt6611916,8.2,14259,2
27,"Lauren Ambrose, Toby Kebbell, Nell Tiger Free, Rupert Grint",1 nomination.,USA,,"Drama, Horror, Thriller",English,A Philadelphia couple is in mourning after an unspeakable tragedy creates a rift in their marriage and opens the door for a mysterious force to enter their home.,https://m.media-amazon.com/images/M/MV5BNjQ2MzIzMGMtN2I4Yi00NzdkLWE1NTAtMTI0NWZiNzAwMDM5XkEyXkFqcGdeQXVyMTkxNjUyNQ@@._V1_SX300.jpg,TV-MA,28-Nov-19,30,Servant,series,Tony Basgallop,2019-,tt8068860,7.7,9576,2
28,"Octavia Spencer, Lizzy Caplan, Michael Beach, Mekhi Phifer",,USA,,"Crime, Drama, Thriller",English,A true-crime podcaster tries to solve the mystery surrounding a family patriarch's death.,https://m.media-amazon.com/images/M/MV5BOGZiYWEzYmYtYWZkNy00MjAyLWI5MGYtNmVhYWI5MjIwZjgxXkEyXkFqcGdeQXVyMTQxNzMzNDI@._V1_SX300.jpg,TV-MA,06-Dec-19,45,Truth Be Told,series,Nichelle D. Tramble,2019-,tt7821582,7.1,2724,1
29,"Regina King, Yahya Abdul-Mateen II, Tom Mison, Sara Vickers",5 wins & 15 nominations.,USA,,"Action, Drama, Mystery, Sci-Fi","English, Vietnamese","Set in an alternate history where masked vigilantes are treated as outlaws, Watchmen embraces the nostalgia of the original groundbreaking graphic novel of the same name, while attempting to break new ground of its own.",https://m.media-amazon.com/images/M/MV5BYjhhZDE3NjgtMjkzNC00NzI3LWJhOTItMWQ5ZjljODA5NWNkXkEyXkFqcGdeQXVyMzQ2MDI5NjU@._V1_SX300.jpg,TV-MA,20-Oct-19,60,Watchmen,series,Damon Lindelof,2019,tt7049682,8.1,60918,1
30,"Walter Archer, Victor Avila, Alberto Ayala, Elise J. Bean",1 nomination.,USA,,"Documentary, Crime",English,"A Netflix Original Series documenting various stories about exposing the greed, corruption, and crime spreading through the global economy.",https://m.media-amazon.com/images/M/MV5BZWVmYjJlZjgtMzU4YS00MDQxLWJmYjQtNTcyMjJkMDNmOTZkXkEyXkFqcGdeQXVyMTMxODk2OTU@._V1_SX300.jpg,TV-14,26-Jan-18,60,Dirty Money,series,,2018-,tt7889220,8.1,5596,2
31,"Dominic Purcell, Wentworth Miller, Robert Knepper, Amaury Nolasco",Nominated for 2 Golden Globes. Another 8 wins & 31 nominations.,"UK, USA",,"Action, Crime, Drama, Mystery, Thriller","English, Arabic, Spanish","Due to a political conspiracy, an innocent man is sent to death row and his only hope is his brother, who makes it his mission to deliberately get himself sent to the same prison in order to break the both of them out, from the inside.",https://m.media-amazon.com/images/M/MV5BMTg3NTkwNzAxOF5BMl5BanBnXkFtZTcwMjM1NjI5MQ@@._V1_SX300.jpg,TV-14,29-Aug-05,44,Prison Break,series,Paul Scheuring,2005-2017,tt0455275,8.3,444178,5
32,"Ana Fern??ndez, Blanca Su??rez, Yon Gonz??lez, Nadia de Santiago",5 wins & 3 nominations.,Spain,,Drama,Spanish,"Set in the 1920s, this is the story of four women from different backgrounds newly hired as operators for a phone company.",https://m.media-amazon.com/images/M/MV5BYmRhMWM4NzQtNTE1OS00NWMxLTgzYzYtMTllZTcyY2NjZDgxXkEyXkFqcGdeQXVyMTMxODk2OTU@._V1_SX300.jpg,TV-14,28-Apr-17,50,Cable Girls,series,"Ram??n Campos, Gema R. Neira, Teresa Fern??ndez-Vald??s",2017-,tt5674718,7.7,9423,6
33,"David Harbour, Finn Wolfhard, Millie Bobby Brown, Gaten Matarazzo",Nominated for 4 Golden Globes. Another 65 wins & 179 nominations.,USA,,"Drama, Fantasy, Horror, Mystery, Sci-Fi, Thriller","English, Russian","When a young boy disappears, his mother, a police chief and his friends must confront terrifying supernatural forces in order to get him back.",https://m.media-amazon.com/images/M/MV5BZGExYjQzNTQtNGNhMi00YmY1LTlhY2MtMTRjODg3MjU4YTAyXkEyXkFqcGdeQXVyMTkxNjUyNQ@@._V1_SX300.jpg,TV-14,15-Jul-16,51,Stranger Things,series,"Matt Duffer, Ross Duffer",2016-,tt4574334,8.8,708312,3
34,"Amy Adams, Patricia Clarkson, Chris Messina, Eliza Scanlen",Won 1 Golden Globe. Another 9 wins & 48 nominations.,USA,,"Crime, Drama, Mystery, Thriller",English,A reporter confronts the psychological demons from her past when she returns to her hometown to cover a violent murder.,https://m.media-amazon.com/images/M/MV5BZDk2NzY1MGQtYTA2MS00ZDcxLWJiMzYtNWRmMGU3ZjQ0YTFjXkEyXkFqcGdeQXVyMTMxODk2OTU@._V1_SX300.jpg,TV-MA,08-Jul-18,421,Sharp Objects,series,Marti Noxon,2018,tt2649356,8.2,57091,1
35,"Benedict Cumberbatch, Jennifer Jason Leigh, Hugo Weaving, Sebastian Maltz",Nominated for 1 Golden Globe. Another 10 wins & 22 nominations.,"UK, USA",,Drama,English,Based on the Patrick Melrose Novels by Edward St. Aubyn.,https://m.media-amazon.com/images/M/MV5BMjIwNzk4OTQ1NV5BMl5BanBnXkFtZTgwMjE0NDMyNTM@._V1_SX300.jpg,TV-MA,12-May-18,60,Patrick Melrose,series,,2018,tt6586318,8.1,20485,1
36,"Michael C. Hall, Amy James-Kelly, Amanda Abbington, Freddie Thorp",,UK,,"Drama, Mystery",English,"After his teenage daughter goes missing, a widowed surgeon begins uncovering dark secrets of the people closest to him.",https://m.media-amazon.com/images/M/MV5BNTRjNTA4YmEtNmU5ZC00YjFjLTk0YzMtNmFhZDI0ZGYxNmI5XkEyXkFqcGdeQXVyMTk3NDAwMzI@._V1_SX300.jpg,TV-MA,10-May-18,60,Safe,series,Harlan Coben,2018,tt7902072,7.3,24902,1
37,"Alba August, Lucas Lynggaard T??nnesen, Mikkel Boe F??lsgaard, Lukas L??kken",3 nominations.,"Denmark, USA",,"Sci-Fi, Thriller",Danish,"After a brutal virus wipes out most of the population, two young siblings embark on a perilous search for safety.",https://m.media-amazon.com/images/M/MV5BMGMwMDgxODgtYzJiMC00MWRhLTliODktOTc1NzZiNmM5NGNjXkEyXkFqcGdeQXVyODc0OTEyNDU@._V1_SX300.jpg,TV-MA,04-May-18,45,The Rain,series,"Jannik Tai Mosholt, Christian Potalivo, Esben Toft Jacobsen",2018-,tt6656238,6.3,24231,1
38,"Clare-Hope Ashitey, Michael Mosley, David Lyons, Russell Hornsby",Nominated for 1 Golden Globe. Another 8 wins & 10 nominations.,USA,,"Crime, Drama",English,Tensions run high between African American citizens and Caucasian cops in Jersey City when a teenage African American boy is critically injured by a cop.,https://m.media-amazon.com/images/M/MV5BNzZiN2E4NTAtNWJlOC00ODA0LTgzODQtNGZkM2IxOWMxNDE0XkEyXkFqcGdeQXVyMTMxODk2OTU@._V1_SX300.jpg,TV-MA,23-Feb-18,60,Seven Seconds,series,Veena Sud,2018,tt6297682,7.7,11688,1
39,"Bill Pullman, Dohn Norwood, Jessica Biel, Christopher Abbott",Nominated for 2 Golden Globes. Another 11 nominations.,USA,Antonio Campos,"Crime, Drama, Mystery, Thriller",English,Anthology series that examines how and why ordinary people commit brutal crimes.,https://m.media-amazon.com/images/M/MV5BODIwYmE0MGQtYmNhMS00ZjM4LWJkMzAtNjg5YzI4MzZjMjg3XkEyXkFqcGdeQXVyNjU2ODM5MjU@._V1_SX300.jpg,TV-MA,02-Aug-17,45,The Sinner,series,Derek Simonds,2017-,tt6048596,8,67442,3
40,"Mackenzie Crook, David Morrissey, Nikolaj Lie Kaas, Eleanor Worthington-Cox",1 nomination.,"UK, USA",,"Action, Drama, Fantasy","English, Welsh","In 43 AD, the Roman Army returns to crush the Celtic heart of Britannia.",https://m.media-amazon.com/images/M/MV5BOTI3OGY1MGQtNTdlMS00Yzg5LTk1MDItMzRmNDhlMTFmYmM4XkEyXkFqcGdeQXVyOTA0ODk2NTc@._V1_SX300.jpg,TV-MA,26-Jan-18,60,Britannia,series,"Jez Butterworth, Tom Butterworth, James Richardson",2017-,tt5932548,6.7,10624,2
41,"Jennifer Jason Leigh, Keir Gilchrist, Brigette Lundy-Paine, Michael Rapaport",4 nominations.,USA,,"Comedy, Drama",English,"Sam, an 18-year-old on the autism spectrum, decides it's time to find a girlfriend, a journey that sets Sam's mom on her own life-changing path as her son seeks more independence.",https://m.media-amazon.com/images/M/MV5BYjg1ZmQ0ZDktMjNhZS00MDJjLTllZTItMmIyYTBkYjM2MzQzXkEyXkFqcGdeQXVyMTkxNjUyNQ@@._V1_SX300.jpg,TV-MA,11-Aug-17,30,Atypical,series,Robia Rashid,2017-,tt6315640,8.3,49797,3
42,"Michael Sadler, Dylan Minnette, Christian Navarro, Alisha Boe",Nominated for 1 Golden Globe. Another 3 wins & 14 nominations.,USA,,"Drama, Mystery",English,"Follows teenager Clay Jensen, in his quest to uncover the story behind his classmate and crush, Hannah, and her decision to end her life.",https://m.media-amazon.com/images/M/MV5BMTA2OTQxNzQtMDQ5OC00NDczLWFhYjEtN2UyMmIwNGZlZDM4XkEyXkFqcGdeQXVyMTkxNjUyNQ@@._V1_SX300.jpg,TV-MA,31-Mar-17,60,13 Reasons Why,series,Brian Yorkey,2017-,tt1837492,7.8,232871,3
43,"Christine Baranski, Rose Leslie, Cush Jumbo, Delroy Lindo",Nominated for 2 Primetime Emmys. Another 2 wins & 23 nominations.,USA,,"Crime, Drama","English, Arabic, Italian, French","When Diane Lockhart's life savings are lost, she must start from scratch at a new firm.",https://m.media-amazon.com/images/M/MV5BODc2MDE2NTEyNl5BMl5BanBnXkFtZTgwMjIwNjUzNzM@._V1_SX300.jpg,TV-MA,19-Feb-17,45,The Good Fight,series,"Michelle King, Robert King, Phil Alden Robinson",2017-,tt5853176,8.3,16768,3
44,,,UK,,"Documentary, Crime",English,"Ride along for an uncompromising look at the lives of those who sell, use and wage a war on drugs in the U.S. and Mexico.",https://m.media-amazon.com/images/M/MV5BYmQ3YzNhYjktZDcwMy00ZTI4LWI0ODEtZWJhZDcxNjA0MGFiXkEyXkFqcGdeQXVyNjgwMTgyODE@._V1_SX300.jpg,TV-MA,22-Dec-17,45,Dope,series,,2017-,tt7782022,7.3,1307,3
45,"Jon Bernthal, Amber Rose Revah, Ben Barnes, Jason R. Moore",Nominated for 1 Primetime Emmy. Another 1 win & 11 nominations.,USA,,"Action, Adventure, Crime, Drama, Sci-Fi, Thriller",English,"After the murder of his family, Marine veteran Frank Castle becomes the vigilante known as ""The Punisher,"" with only one goal in mind: to avenge them.",https://m.media-amazon.com/images/M/MV5BMTExODIwOTUxNzFeQTJeQWpwZ15BbWU4MDE5MDA0MTcz._V1_SX300.jpg,TV-MA,17-Nov-17,53,The Punisher,series,Steve Lightfoot,2017-2019,tt5675620,8.5,165510,2
46,"Kim Coates, Louis Ferreira, Sharon Taylor, Melanie Scrofano",2 wins & 7 nominations.,Canada,,"Crime, Drama",English,A dramatization of the life and death of Montreal mob boss Vito Rizzuto.,https://m.media-amazon.com/images/M/MV5BMzRmNzZkMmMtMzU5YS00ZThhLWE2YzItZTNhNGMwMmI1MjQyXkEyXkFqcGdeQXVyMTMxODk2OTU@._V1_SX300.jpg,TV-MA,21-Sep-17,47,Bad Blood,series,"Michael Konyves, Simon Barry",2017-,tt6423364,7.5,5949,2
47,"Samantha Colley, Seth Gabel, Antonio Banderas, Cl??mence Po??sy",Nominated for 2 Golden Globes. Another 5 wins & 40 nominations.,USA,,"Biography, Drama, History",English,"The life stories of history's greatest minds. From their days as young adults to their final years we see their discoveries, loves, relationships, causes, flaws and genius.",https://m.media-amazon.com/images/M/MV5BNTkwYzVjZjEtODI2NS00ZDk5LTliNWItMzJiYzYwM2RiNjNhXkEyXkFqcGdeQXVyNzg5MzIyOA@@._V1_SX300.jpg,TV-14,25-Apr-17,43,Genius,series,"Kenneth Biller, Noah Pink, Suzan-Lori Parks",2017-,tt5673782,8.4,14960,2
48,"Jack O'Connell, Michelle Dockery, Scoot McNairy, Merritt Wever",Won 3 Primetime Emmys. Another 4 wins & 27 nominations.,USA,,"Drama, Western",,"In the 1880s American West murderous outlaw gang leader Frank Griffin hunts for ex-protege Roy Goode. Frank's chase leads him to La Belle, New Mexico - a town inhabited, after a mining disaster, almost entirely by women.",https://m.media-amazon.com/images/M/MV5BMTY0NzkxNDcxNF5BMl5BanBnXkFtZTgwOTI5ODM5MzI@._V1_SX300.jpg,TV-MA,22-Nov-17,60,Godless,series,,2017,tt5516154,8.3,43754,1
49,"Claire Foy, Olivia Colman, Matt Smith, Tobias Menzies",Won 3 Golden Globes. Another 54 wins & 130 nominations.,"UK, USA",,"Drama, History",English,Follows the political rivalries and romance of Queen Elizabeth II's reign and the events that shaped the second half of the twentieth century.,https://m.media-amazon.com/images/M/MV5BNGI1ODkzZDQtZTYxYS00MTg1LWFlY2QtMTM5MGNhNWRhYmVmXkEyXkFqcGdeQXVyNjU2ODM5MjU@._V1_SX300.jpg,TV-MA,04-Nov-16,58,The Crown,series,Peter Morgan,2016-,tt4786824,8.7,106329,4
50,"Dominic Cooper, Joseph Gilgun, Ruth Negga, Ian Colletti",1 win & 14 nominations.,,,"Adventure, Drama, Fantasy, Horror, Mystery",English,"After a supernatural event at his church, a preacher enlists the help of a vampire and his ex to find God.",https://m.media-amazon.com/images/M/MV5BNzIyMDY4NmUtMGRhZS00ZjE4LWI5YWYtYTYxMzcwZWNlZWRkXkEyXkFqcGdeQXVyMTkxNjUyNQ@@._V1_SX300.jpg,TV-MA,22-May-16,60,Preacher,series,"Sam Catlin, Evan Goldberg, Seth Rogen",2016-2019,tt5016504,8,63235,4
51,"Tom Ellis, Lauren German, Kevin Alejandro, Lesley-Ann Brandt",10 nominations.,USA,,"Crime, Drama, Fantasy",English,Lucifer Morningstar has decided he's had enough of being the dutiful servant in Hell and decides to spend some time on Earth to better understand humanity. He settles in Los Angeles - the City of Angels.,https://m.media-amazon.com/images/M/MV5BZTA2NTBkYWUtMzM4Zi00YzhlLTk4NWItY2U1ODczNDMyNDAzXkEyXkFqcGdeQXVyNDg4NjY5OTQ@._V1_SX300.jpg,TV-14,25-Jan-16,42,Lucifer,series,Tom Kapinos,2015-,tt4052886,8.2,184602,4
52,"Ryan Phillippe, Shantel VanSanten, Cynthia Addai-Robinson, Omar Epps",2 nominations.,USA,,"Action, Drama",English,"A conspiracy thriller that follows the journey of Bob Lee Swagger, a highly-decorated veteran who is coaxed back into action to prevent a plot to kill the President.",https://m.media-amazon.com/images/M/MV5BNmViMGQzMzMtNzgyYy00YzA4LWIzYzAtYmU5OTA4YWJjZWNjXkEyXkFqcGdeQXVyNjgyMjQ2NjM@._V1_SX300.jpg,TV-14,15-Nov-16,60,Shooter,series,John Hlavin,2016-2018,tt4181172,7.5,28380,3
53,"Sarah Paulson, Annaleigh Ashford, Sterling K. Brown, Kenneth Choi",Won 4 Golden Globes. Another 93 wins & 117 nominations.,USA,,"Biography, Crime, Drama",English,An anthology series centered around America's most notorious crimes and criminals.,https://m.media-amazon.com/images/M/MV5BNzc2MzJmM2ItMjgzYy00MjgxLTljYjctZjJhYzM1ODFhMzU0XkEyXkFqcGdeQXVyMTMxODk2OTU@._V1_SX300.jpg,TV-MA,02-Feb-16,42,American Crime Story,series,"Scott Alexander, Larry Karaszewski, Tom Rob Smith",2016-,tt2788432,8.4,73442,4
54,"James Franco, Sarah Gadon, George MacKay, Chris Cooper",Nominated for 1 Primetime Emmy. Another 2 wins & 11 nominations.,USA,,"Drama, Mystery, Sci-Fi, Thriller","Russian, Spanish, English",A high school teacher travels back in time to prevent John F. Kennedy's assassination.,https://m.media-amazon.com/images/M/MV5BMTk1NjE5MjUwM15BMl5BanBnXkFtZTgwODk3NTk2OTE@._V1_SX300.jpg,TV-MA,15-Feb-16,60,11.22.63,series,,2016,tt2879552,8.2,65279,1
55,"Giovanni Ribisi, Marin Ireland, Shane McRae, Libe Barer",1 nomination.,USA,,"Crime, Drama",English,"A con man on the run from a vicious gangster takes cover by assuming the identity of his prison cellmate, Pete, reuniting with his estranged family, that threatens to drag him into a world just as dangerous as the one he's escaping.",https://m.media-amazon.com/images/M/MV5BMTc2OTExNDE3MF5BMl5BanBnXkFtZTgwMzk2MjU5NzM@._V1_SX300.jpg,TV-MA,07-Aug-15,60,Sneaky Pete,series,"Bryan Cranston, David Shore",2015-2019,tt5011816,8.2,26493,3
56,"Krysten Ritter, Rachael Taylor, Eka Darville, Carrie-Anne Moss",Won 1 Primetime Emmy. Another 9 wins & 22 nominations.,USA,,"Action, Crime, Drama, Sci-Fi, Thriller",English,"Following the tragic end of her brief superhero career, Jessica Jones tries to rebuild her life as a private investigator, dealing with cases involving people with remarkable abilities in New York City.",https://m.media-amazon.com/images/M/MV5BM2QyNmZkNTYtZWQyZi00NDhhLWEzMDItYmIzY2U4ZWVmOWNhXkEyXkFqcGdeQXVyNDg4NjY5OTQ@._V1_SX300.jpg,TV-MA,20-Nov-15,56,Jessica Jones,series,Melissa Rosenberg,2015-2019,tt2357547,8,183998,3
57,"Pedro Pascal, Wagner Moura, Boyd Holbrook, Alberto Ammann",Nominated for 2 Golden Globes. Another 8 wins & 16 nominations.,"USA, Colombia, Mexico",,"Biography, Crime, Drama, Thriller","English, Spanish","A chronicled look at the criminal exploits of Colombian drug lord Pablo Escobar, as well as the many other drug kingpins who plagued the country through the years.",https://m.media-amazon.com/images/M/MV5BNmFjODU3YzgtMGUwNC00ZGI3LWFkZjQtMjkxZDc3NmQ1MzcyXkEyXkFqcGdeQXVyNjUwNzk3NDc@._V1_SX300.jpg,TV-MA,28-Aug-15,49,Narcos,series,"Carlo Bernard, Chris Brancato, Doug Miro, Paul Eckstein",2015-2017,tt2707408,8.8,321232,3
58,"Grant Gustin, Candice Patton, Danielle Panabaker, Carlos Valdes",Nominated for 1 Primetime Emmy. Another 26 wins & 76 nominations.,USA,,"Action, Adventure, Drama, Sci-Fi",English,"After being struck by lightning, Barry Allen wakes up from his coma to discover he's been given the power of super speed, becoming the Flash, fighting crime in Central City.",https://m.media-amazon.com/images/M/MV5BNTM4YThiMzktMDRlNi00NzAyLWI1YmQtNTdkMTNiN2Q0NzU1XkEyXkFqcGdeQXVyMTkxNjUyNQ@@._V1_SX300.jpg,TV-PG,07-Oct-14,43,The Flash,series,"Greg Berlanti, Geoff Johns, Andrew Kreisberg",2014-,tt3107288,7.8,292203,6
59,"Omari Hardwick, Lela Loren, Naturi Naughton, Joseph Sikora",10 wins & 16 nominations.,USA,,"Crime, Drama",English,"James ""Ghost"" St. Patrick, a wealthy New York night club owner who has it all, catering to the city's elite and dreaming big, lives a double life as a drug kingpin.",https://m.media-amazon.com/images/M/MV5BYjllZjcwNjItMzc1OC00YjRkLWI5YzUtODM1YmEzNjFiYzNhXkEyXkFqcGdeQXVyMDM2NDM2MQ@@._V1_SX300.jpg,TV-MA,,50,Power,series,Courtney A. Kemp,2014-,tt3281796,8.2,36339,6
60,"Thomas Middleditch, Josh Brener, Martin Starr, Kumail Nanjiani",Nominated for 2 Golden Globes. Another 15 wins & 88 nominations.,USA,,Comedy,English,"Follows the struggle of Richard Hendricks, a Silicon Valley engineer trying to build his own company called Pied Piper.",https://m.media-amazon.com/images/M/MV5BOTcwNzU2MGEtMzUzNC00MzMwLWJhZGItNDY3NDllYjU5YzAyXkEyXkFqcGdeQXVyMzQ2MDI5NjU@._V1_SX300.jpg,TV-MA,06-Apr-14,28,Silicon Valley,series,"John Altschuler, Mike Judge, Dave Krinsky",2014-2019,tt2575988,8.5,114859,6
61,"Allison Tolman, Billy Bob Thornton, Colin Hanks, Martin Freeman",Won 3 Golden Globes. Another 56 wins & 210 nominations.,USA,,"Crime, Drama, Thriller","English, German, Korean, Spanish, American Sign Language, French, Russian, Hebrew","Various chronicles of deception, intrigue and murder in and around frozen Minnesota. Yet all of these tales mysteriously lead back one way or another to Fargo, North Dakota.",https://m.media-amazon.com/images/M/MV5BMTg5NTYxNjkyNl5BMl5BanBnXkFtZTgwNzY1Mjg4MTI@._V1_SX300.jpg,TV-MA,15-Apr-14,53,Fargo,series,Noah Hawley,2014-,tt2802850,8.9,292957,4
62,"Liev Schreiber, Eddie Marsan, Dash Mihok, Pooch Hall",Won 1 Golden Globe. Another 3 wins & 42 nominations.,USA,,"Crime, Drama",English,"Ray Donovan, a professional ""fixer"" for the rich and famous in Los Angeles, can make anyone's problems disappear except those created by his own family.",https://m.media-amazon.com/images/M/MV5BYWY1MTE2MmItNzQyNi00YThjLWE4ZDctMDA0ZGE3OWJhYTMzXkEyXkFqcGdeQXVyOTA3MTMyOTk@._V1_SX300.jpg,TV-MA,18-Jun-13,60,Ray Donovan,series,Ann Biderman,2013-2020,tt2249007,8.3,73295,7
63,"Harry Lennix, James Spader, Megan Boone, Diego Klattenhoff",Nominated for 2 Golden Globes. Another 2 wins & 26 nominations.,USA,,"Crime, Drama, Mystery, Thriller",English,"A new FBI profiler, Elizabeth Keen, has her entire life uprooted when a mysterious criminal, Raymond Reddington, who has eluded capture for decades, turns himself in and insists on speaking only to her.",https://m.media-amazon.com/images/M/MV5BZDU1OGI3NWItZTliOS00OWYxLTliNDktYTFjODcxNmE1NTNmXkEyXkFqcGdeQXVyODUxOTU0OTg@._V1_SX300.jpg,TV-14,23-Sep-13,43,The Blacklist,series,Jon Bokenkamp,2013-,tt2741602,8,175625,8
64,"Robin Wright, Michael Kelly, Kevin Spacey, Justin Doescher",Won 2 Golden Globes. Another 33 wins & 213 nominations.,USA,,Drama,English,A Congressman works with his equally conniving wife to exact revenge on the people who betrayed him.,https://m.media-amazon.com/images/M/MV5BODM1MDU2NjY5NF5BMl5BanBnXkFtZTgwMDkxNTcwNjM@._V1_SX300.jpg,TV-MA,01-Feb-13,51,House of Cards,series,Beau Willimon,2013-2018,tt1856010,8.8,446426,6
65,"Adeel Akhtar, Paul Higgins, Neil Maskell, Fiona O'Shaughnessy",5 wins & 10 nominations.,UK,,"Drama, Mystery, Sci-Fi, Thriller",English,"After a group of people, who meet online, discover a bizarre graphic novel which seems to hold mysterious answers, they find themselves being tracked down by a merciless organization known merely as 'The Network'.",https://m.media-amazon.com/images/M/MV5BMjMwMTA5NDc5M15BMl5BanBnXkFtZTgwMjQ4MTY0MjE@._V1_SX300.jpg,TV-MA,15-Jan-13,50,Utopia,series,Dennis Kelly,2013-2014,tt2384811,8.4,36741,2
66,"Volker Bruch, Tom Schilling, Katharina Sch?™ttler, Miriam Stein",22 wins & 8 nominations.,Germany,,"Action, Drama, History, War",German,Five friends go out to war and promise each other to be back for Christmas.,https://m.media-amazon.com/images/M/MV5BMTYwMzIyMjg5M15BMl5BanBnXkFtZTgwNzM1NjI2MDE@._V1_SX300.jpg,TV-MA,01-Mar-13,270,Generation War,series,,2013,tt1883092,8.5,23240,1
67,"Gabriel Macht, Rick Hoffman, Sarah Rafferty, Patrick J. Adams",1 win & 9 nominations.,USA,,"Comedy, Drama",English,"On the run from a drug deal gone bad, brilliant college dropout Mike Ross, finds himself working with Harvey Specter, one of New York City's best lawyers.",https://m.media-amazon.com/images/M/MV5BNmVmMmM5ZmItZDg0OC00NTFiLWIxNzctZjNmYTY5OTU3ZWU3XkEyXkFqcGdeQXVyMTQxNzMzNDI@._V1_SX300.jpg,TV-14,23-Jun-11,44,Suits,series,Aaron Korsh,2011-2019,tt1632701,8.5,341915,9
68,"Diane Kruger, Demi??n Bichir, Thomas M. Wright, Ted Levine",7 wins & 3 nominations.,USA,,"Crime, Drama, Mystery, Thriller","English, Spanish",Two detectives work together to take down a serial killer operating on both sides of the Texas-Chihuahua border.,https://m.media-amazon.com/images/M/MV5BMTQyNjEzMjIyMV5BMl5BanBnXkFtZTgwMTg0NjYxMjE@._V1_SX300.jpg,TV-MA,,43,The Bridge,series,"Elwood Reid, Bj??rn Stein, Meredith Stiehm",2013-2014,tt2406376,7.6,17180,2
69,"Daniel Lapaine, Hannah John-Kamen, Michaela Coel, Beatrice Robertson-Jones",Won 6 Primetime Emmys. Another 24 wins & 85 nominations.,UK,,"Drama, Sci-Fi, Thriller",English,"An anthology series exploring a twisted, high-tech multiverse where humanity's greatest innovations and darkest instincts collide.",https://m.media-amazon.com/images/M/MV5BYTM3YWVhMDMtNjczMy00NGEyLWJhZDctYjNhMTRkNDE0ZTI1XkEyXkFqcGdeQXVyMTkxNjUyNQ@@._V1_SX300.jpg,TV-MA,04-Dec-11,60,Black Mirror,series,Charlie Brooker,2011-,tt2085059,8.8,381497,5
70,"Idris Elba, Dermot Crowley, Michael Smiley, Warren Brown",Won 1 Golden Globe. Another 14 wins & 64 nominations.,UK,,"Crime, Drama, Mystery, Thriller",English,DCI John Luther is a near-genius murder detective whose brilliant mind can't always save him from the dangerous violence of his passions.,https://m.media-amazon.com/images/M/MV5BYTdhNWMwYTMtNzQ3OC00ODZjLWI0YzQtYjVlODZiOWVlYTJlXkEyXkFqcGdeQXVyNTA4NzY1MzY@._V1_SX300.jpg,TV-MA,17-Oct-10,60,Luther,series,Neil Cross,2010-,tt1474684,8.5,112083,5
71,"Simon Baker, Robin Tunney, Tim Kang, Owain Yeoman",Nominated for 1 Golden Globe. Another 4 wins & 15 nominations.,USA,,"Crime, Drama, Mystery, Thriller",English,"A famous ""psychic"" outs himself as a fake, and starts working as a consultant for the California Bureau of Investigation so he can find ""Red John"", the madman who killed his wife and daughter.",https://m.media-amazon.com/images/M/MV5BMTQ5OTgzOTczM15BMl5BanBnXkFtZTcwMDM2OTY4MQ@@._V1_SX300.jpg,TV-14,23-Sep-08,43,The Mentalist,series,Bruno Heller,2008-2015,tt1196946,8.1,157189,7
72,"Alexander Skarsg?ùrd, James Ransone, Lee Tergesen, Jon Huertas",Won 3 Primetime Emmys. Another 10 wins & 19 nominations.,"USA, UK",,"Drama, War",English,"A Rolling Stone reporter, embedded with The 1st Recon Marines chronicles his experiences during the first wave of the American-led assault on Baghdad in 2003.",https://m.media-amazon.com/images/M/MV5BMTM2NjAxOTQzNl5BMl5BanBnXkFtZTcwMjk4NzU3MQ@@._V1_SX300.jpg,TV-MA,13-Jul-08,70,Generation Kill,series,,2008,tt0995832,8.5,45035,1
73,"David Attenborough, Sigourney Weaver",Won 4 Primetime Emmys. Another 11 wins & 15 nominations.,UK,,Documentary,English,"Emmy Award-winning, 11 episodes, five years in the making, the most expensive nature documentary series ever commissioned by the BBC, and the first to be filmed in high definition.",https://m.media-amazon.com/images/M/MV5BNmZlYzIzMTItY2EzYS00YTEyLTg0ZjEtMDMzZjM3ODdhN2UzXkEyXkFqcGdeQXVyNjI0MDg2NzE@._V1_SX300.jpg,TV-PG,25-Mar-07,538,Planet Earth,series,,2006,tt0795176,9.4,157420,1
74,"Peter Krause, Julianna Margulies, Peter Jacobson, Dennis Christopher",Nominated for 2 Primetime Emmys. Another 11 nominations.,USA,,"Action, Fantasy, Mystery, Sci-Fi",English,"A detective investigates a mysterious motel room, which acts as a portal to an alternate universe.",https://m.media-amazon.com/images/M/MV5BOTIzODYzNzMtZTE1ZS00MWRkLThhMTUtYzU4N2M0MDExZTI0XkEyXkFqcGdeQXVyNTAyODkwOQ@@._V1_SX300.jpg,TV-PG,11-Dec-06,270,The Lost Room,series,,2006,tt0830361,8.2,27732,1
75,"Matt Smith, David Tennant, Peter Capaldi, Jenna Coleman",115 wins & 205 nominations.,"UK, Canada",,"Adventure, Drama, Family, Mystery, Sci-Fi",English,The further adventures in time and space of the alien adventurer known as the Doctor and their companions from planet Earth.,https://m.media-amazon.com/images/M/MV5BZWJhYjFmZDEtNTVlYy00NGExLWJhZWItNTAxODY5YTc3MDFmXkEyXkFqcGdeQXVyMTkxNjUyNQ@@._V1_SX300.jpg,TV-PG,17-Mar-06,45,Doctor Who,series,Sydney Newman,2005-,tt0436992,8.6,191327,12
76,"Rainn Wilson, John Krasinski, Jenna Fischer, Leslie David Baker",Won 1 Golden Globe. Another 47 wins & 187 nominations.,USA,,Comedy,English,"A mockumentary on a group of typical office workers, where the workday consists of ego clashes, inappropriate behavior, and tedium.",https://m.media-amazon.com/images/M/MV5BMDNkOTE4NDQtMTNmYi00MWE0LWE4ZTktYTc0NzhhNWIzNzJiXkEyXkFqcGdeQXVyMzQ2MDI5NjU@._V1_SX300.jpg,TV-14,24-Mar-05,22,The Office,series,"Greg Daniels, Ricky Gervais, Stephen Merchant",2005-2013,tt0386676,8.8,336875,9
77,"Jared Padalecki, Jensen Ackles, Misha Collins",Nominated for 3 Primetime Emmys. Another 38 wins & 117 nominations.,USA,,"Drama, Fantasy, Horror, Mystery, Thriller",English,"Two brothers follow their father's footsteps as hunters, fighting evil supernatural beings of many kinds, including monsters, demons and gods that roam the earth.",https://m.media-amazon.com/images/M/MV5BMTJhM2VhZDItMTk4OS00MTRjLTlmMDQtNzEyYmM0NDA0YjhjXkEyXkFqcGdeQXVyMTkxNjUyNQ@@._V1_SX300.jpg,TV-14,13-Sep-05,44,Supernatural,series,Eric Kripke,2005-,tt0460681,8.4,368857,15
78,"Timothy Olyphant, Ian McShane, Molly Parker, Brad Dourif",Won 1 Golden Globe. Another 27 wins & 83 nominations.,USA,,"Crime, Drama, History, Western","English, Irish","A show set in the late 1800s, revolving around the characters of Deadwood, South Dakota; a town of deep corruption and crime.",https://m.media-amazon.com/images/M/MV5BNDJhMjUzMDYtNzc4MS00Nzk2LTkyMGQtN2M5NTczYTZmYmY5XkEyXkFqcGdeQXVyMzU3MTc5OTE@._V1_SX300.jpg,TV-MA,21-Mar-04,55,Deadwood,series,David Milch,2004-2006,tt0348914,8.6,89353,3
79,"Charles Durning, Douglas Seale, Louis Giambalvo, Sharon Spelman",Won 5 Primetime Emmys. Another 3 wins & 11 nominations.,USA,,"Adventure, Comedy, Drama, Fantasy, Horror, Mystery, Sci-Fi, Thriller",English,"Truly amazing, fantastical, funny, and odd, and sometimes scary, sad, and endearing stories are portrayed. Many famous actors, actresses, and directors made guest appearances.",https://m.media-amazon.com/images/M/MV5BYzBkMTEzZDktYmQyMS00ZDE5LWI5MWUtMGEwYzQ3ZjJhYjMxXkEyXkFqcGdeQXVyMjIzMTQ5NjE@._V1_SX300.jpg,PG,29-Sep-85,30,Amazing Stories,series,"Steven Spielberg, Joshua Brand, John Falsey",1985-1987,tt0088478,7.4,4773,2
80,"Sonoya Mizuno, Nick Offerman, Jin Ha, Zach Grenier",,USA,,"Drama, Mystery, Sci-Fi, Thriller",English,"A computer engineer investigates the secretive development division in her company, which she believes is behind the disappearance of her boyfriend.",https://m.media-amazon.com/images/M/MV5BNjFiMTYwNGYtZWUxZS00MjAzLTg2NzctNTc1NTI2MTRhYzc0XkEyXkFqcGdeQXVyMzY0MTE3NzU@._V1_SX300.jpg,TV-MA,05-Mar-20,50,Devs,series,Alex Garland,2020-,tt8134186,8.1,1214,1
81,"Jude Law, John Malkovich, Silvio Orlando, C??cile de France",2 wins.,"Italy, France, Spain, USA, UK",,Drama,"English, Italian",Two Popes. Only one Vatican. A holy war to come.,https://m.media-amazon.com/images/M/MV5BZGQzZDk2NTgtNTRjMS00MDI0LWIwZWQtNDZjODZhOGI1YzliXkEyXkFqcGdeQXVyMTkxNjUyNQ@@._V1_SX300.jpg,TV-MA,13-Jan-20,60,The New Pope,series,Paolo Sorrentino,2019-,tt7157248,8.2,4798,1
82,"Ben Mendelsohn, Bill Camp, Jeremy Bobb, Mare Winningham",,USA,,"Crime, Drama, Mystery, Thriller",English,Investigators are confounded over an unspeakable crime that's been committed.,https://m.media-amazon.com/images/M/MV5BNzgxOTc4ODctNDNhZC00M2UzLTgyYzgtM2Q2OTk3NmQ5NTljXkEyXkFqcGdeQXVyMzQ2MDI5NjU@._V1_SX300.jpg,TV-MA,12-Jan-20,60,The Outsider,series,Richard Price,2020-,tt8550800,8.4,24528,1
83,"Tom Payne, Lou Diamond Phillips, Halston Sage, Aurora Perrineau",,USA,,"Crime, Drama, Mystery, Thriller",English,"Malcolm Bright, one of the best criminal psychologists around, uses his twisted genius to help the NYPD solve crimes.",https://m.media-amazon.com/images/M/MV5BMDU4MGRlYzctMzk5ZC00NWE0LWJhN2ItMWQ2OWJiODAyYmM3XkEyXkFqcGdeQXVyODU4NjY3NDA@._V1_SX300.jpg,TV-14,23-Sep-19,44,Prodigal Son,series,"Chris Fedak, Sam Sklaver",2019-,tt10327354,7.6,6472,1
84,"Emraan Hashmi, Sobhita Dhulipala, Jaideep Ahlawat, Shishir Sharma",,India,,"Action, Adventure, Drama, Thriller",Hindi,"Political espionage thriller based on ""Bard of Blood,"" by Bilal Siddiqi.",https://m.media-amazon.com/images/M/MV5BNjAzZGI0MDctMTgyYi00NDgwLWFmMjgtNTIyMmZhN2FkM2YxXkEyXkFqcGdeQXVyMTkxNjUyNQ@@._V1_SX300.jpg,,27-Sep-19,45,Bard of Blood,series,,2019-,tt8069036,7.4,7531,1
85,"Kaitlyn Dever, Toni Collette, Merritt Wever, Blake Ellis",Nominated for 4 Golden Globes. Another 2 wins & 11 nominations.,USA,,"Crime, Drama",English,"Based on the true story of Marie, a teenager who was charged with lying about having been raped, and the two female detectives who followed the path to the truth.",https://m.media-amazon.com/images/M/MV5BN2Q3OWQ1Y2UtN2E3OS00ODA2LWE1Y2EtYmY5OWMzNWYzMDZmXkEyXkFqcGdeQXVyMzY0MTE3NzU@._V1_SX300.jpg,TV-MA,13-Sep-19,385,Unbelievable,series,"Susannah Grant, Michael Chabon, Ayelet Waldman",2019,tt7909970,8.5,49860,1
86,"Mj Rodriguez, Dominique Jackson, Indya Moore, Angel Bismark Curiel",Nominated for 3 Golden Globes. Another 19 wins & 45 nominations.,USA,,Drama,English,"Pose is set in the world of 1987 and ""looks at the juxtaposition of several segments of life and society in New York: the rise of the luxury universe, the downtown social and literary scene and the ball culture world.""",https://m.media-amazon.com/images/M/MV5BMjQwMTQ0MTIxNl5BMl5BanBnXkFtZTgwMDYzNjYwODM@._V1_SX300.jpg,TV-MA,03-Jun-18,60,Pose,series,"Steven Canals, Brad Falchuk, Ryan Murphy",2018-,tt7562112,8.6,13957,2
87,"Sandra Oh, Jodie Comer, Fiona Shaw, Kim Bodnia",Won 1 Golden Globe. Another 25 wins & 78 nominations.,"USA, UK, Italy",,"Action, Adventure, Drama, Thriller","English, French","After a series of events, the lives of a security operative and an assassin become inextricably linked.",https://m.media-amazon.com/images/M/MV5BZDE0NTc0NjMtNDc2Mi00NTY2LWJiNTItNDBlOWQxMTM5ZmMyXkEyXkFqcGdeQXVyMzQ2MDI5NjU@._V1_SX300.jpg,TV-14,08-Apr-18,42,Killing Eve,series,Phoebe Waller-Bridge,2018-,tt7016936,8.3,61494,4
88,"Stephan James, Julia Roberts, Bobby Cannavale, Shea Whigham",Nominated for 3 Golden Globes. Another 2 wins & 24 nominations.,USA,,"Drama, Thriller",English,"Heidi works at Homecoming, a facility helping soldiers transition to civilian life. Years later when the Department of Defense questions why she left, Heidi realizes there's a whole other story behind the one she's been telling herself.",https://m.media-amazon.com/images/M/MV5BMTZlZDM2YjAtYzdjNS00ZDQxLTgyZTQtYTY0ZDdlYWExMGMxXkEyXkFqcGdeQXVyMDA4NzMyOA@@._V1_SX300.jpg,TV-MA,02-Nov-18,30,Homecoming,series,"Micah Bloomberg, Eli Horowitz, Sam Esmail",2018-,tt7008682,7.5,14934,2
89,"Haluk Bilginer, Nur S?™rer, Ali Atay, Okan Yalabik",1 nomination.,Turkey,,"Crime, Drama, Mystery","Turkish, English","Cevdet (Haluk Bilginer), a retired commissioner, and his wife spend their pensions in peace on a farm away from the city. Suddenly the life of the family is destroyed by the sudden arrival of a terrible news from the little son.",https://m.media-amazon.com/images/M/MV5BOGViOWQxYTgtMTMzZC00MjQ1LWJjY2YtNWY5ZTYzNjk1MGQ2L2ltYWdlXkEyXkFqcGdeQXVyNDQ2MTMzODA@._V1_SX300.jpg,TV-14,27-Jan-17,60,Masum,series,,2017,tt6478318,8.6,10147,1
90,"Lesley Manville, Kate Fleetwood, Holli Dempsey, Eloise Smyth",,"UK, USA",,Drama,English,Brothel owner Margaret Wells struggles to raise her daughters in London during the 18th century.,https://m.media-amazon.com/images/M/MV5BMTY5MDgyMjY2M15BMl5BanBnXkFtZTgwMzAzNDQ4NTM@._V1_SX300.jpg,TV-MA,29-Mar-17,45,Harlots,series,"Moira Buffini, Alison Newman",2017-,tt5761478,7.7,5540,3
91,"Jonathan Groff, Holt McCallany, Anna Torv, Sonny Valicenti",Nominated for 1 Primetime Emmy. Another 4 wins & 22 nominations.,USA,,"Crime, Drama, Thriller",English,"Set in the late 1970s, two FBI agents are tasked with interviewing serial killers to solve open cases.",https://m.media-amazon.com/images/M/MV5BNWNmYzQ1ZWUtYTQ3ZS00Y2UwLTlkMDctZThlOTJkMGJiNzBiXkEyXkFqcGdeQXVyNjg2NjQwMDQ@._V1_SX300.jpg,TV-MA,13-Oct-17,60,Mindhunter,series,Joe Penhall,2017-,tt5290382,8.6,176961,2
92,"Milo Ventimiglia, Mandy Moore, Sterling K. Brown, Chrissy Metz",Won 1 Golden Globe. Another 45 wins & 160 nominations.,USA,,"Comedy, Drama, Romance",English,"A heartwarming and emotional story about a unique set of triplets, their struggles, and their wonderful parents.",https://m.media-amazon.com/images/M/MV5BMDM2YTMzMWMtNmFhZi00ZWY4LTk1ZmUtMWExNzg3NDZmMTY4XkEyXkFqcGdeQXVyMzQ2MDI5NjU@._V1_SX300.jpg,TV-14,20-Sep-16,45,This Is Us,series,Dan Fogelman,2016-,tt5555260,8.7,88557,4
93,"Brandon Scott, Marina Stephenson Kerr, Abigail Pniowsky, Diana Bentley",5 wins & 12 nominations.,USA,,"Drama, Fantasy, Horror, Mystery, Thriller",English,"An anthology series based on popular Internet Creepypastas Candle Cove, The No-End House, Butcher's Block, and The Dream Door.",https://m.media-amazon.com/images/M/MV5BMjExMTMxNjMwNl5BMl5BanBnXkFtZTgwNDA2OTYzNjM@._V1_SX300.jpg,TV-14,11-Oct-16,44,Channel Zero,series,Nick Antosca,2016-2018,tt4820370,7.2,8082,4
94,"Alfonso Herrera, Ben Daniels, Kurt Egyiawan, Hannah Kasulka",1 win & 15 nominations.,USA,,"Drama, Horror, Mystery, Thriller",English,Follows three priests dealing with cases of a demonic presence targeting a family and a foster home.,https://m.media-amazon.com/images/M/MV5BMjEzNjI5Njg4MV5BMl5BanBnXkFtZTgwMjkwMjU2MzI@._V1_SX300.jpg,TV-14,23-Sep-16,45,The Exorcist,series,Jeremy Slater,2016-2018,tt5368542,8.1,23398,2
95,"Doona Bae, Jamie Clayton, Tina Desai, Tuppence Middleton",Nominated for 2 Primetime Emmys. Another 3 wins & 12 nominations.,USA,,"Drama, Mystery, Sci-Fi, Thriller",English,"A group of people around the world are suddenly linked mentally, and must find a way to survive being hunted by those who see them as a threat to the world's order.",https://m.media-amazon.com/images/M/MV5BMjA4MTEyMzcwMl5BMl5BanBnXkFtZTgwMTIwODczNTM@._V1_SX300.jpg,TV-MA,05-Jun-15,60,Sense8,series,"J. Michael Straczynski, Lana Wachowski, Lilly Wachowski",2015-2018,tt2431438,8.3,129874,2
96,"Will Arnett, Amy Sedaris, Alison Brie, Aaron Paul",Nominated for 2 Primetime Emmys. Another 23 wins & 26 nominations.,USA,,"Animation, Comedy, Drama",English,"BoJack Horseman was the star of the hit television show ""Horsin' Around"" in the '80s and '90s, now he's washed up, living in Hollywood, complaining about everything, and wearing colorful sweaters.",https://m.media-amazon.com/images/M/MV5BYWQwMDNkM2MtODU4OS00OTY3LTgwOTItNjE2Yzc0MzRkMDllXkEyXkFqcGdeQXVyMTkxNjUyNQ@@._V1_SX300.jpg,TV-MA,22-Aug-14,25,BoJack Horseman,series,Raphael Bob-Waksberg,2014-2020,tt3398228,8.7,87606,6
tt0108778,"Jennifer Aniston, Courteney Cox, Lisa Kudrow, Matt LeBlanc",Won 1 Golden Globe. Another 76 wins & 214 nominations.,USA,N/A,"Comedy, Romance","English, Dutch, Italian, French",Follows the personal and professional lives of six twenty to thirty-something-year-old friends living in Manhattan.,https://m.media-amazon.com/images/M/MV5BNDVkYjU0MzctMWRmZi00NTkxLTgwZWEtOWVhYjZlYjllYmU4XkEyXkFqcGdeQXVyNTA4NzY1MzY@._V1_SX300.jpg,TV-14,22-Sep-94,22,Friends,series,"David Crane, Marta Kauffman",1994-2004,,8.9,741723,10
tt8304608,"Kathryn Hahn, Jackson White, Owen Teague, Jen Richards",N/A,USA,N/A,Comedy,English,A single mom whose son has moved out for college looks to begin a new life on her own.,https://m.media-amazon.com/images/M/MV5BZTVlMDViYzItMGVhMS00YmQyLTg4ZTAtYjA4ZDZlY2RlNmExXkEyXkFqcGdeQXVyMzY0MTE3NzU@._V1_SX300.jpg,TV-MA,27-Oct-19,31,Mrs. Fletcher,series,Tom Perrotta,2019-,,6.9,2675,1
tt1870479,"Jeff Daniels, Emily Mortimer, John Gallagher Jr., Alison Pill",Nominated for 2 Golden Globes. Another 9 wins & 30 nominations.,USA,N/A,Drama,English,"A newsroom undergoes some changes in its workings and morals as a new team is brought in, bringing unexpected results for its existing news anchor.",https://m.media-amazon.com/images/M/MV5BZjg5OGU2OGMtNTM3ZC00YTEzLWFmZjMtOWQ3NGI5YjIzODJlXkEyXkFqcGdeQXVyNTE1NjY5Mg@@._V1_SX300.jpg,TV-MA,24-Jun-12,55,The Newsroom,series,Aaron Sorkin,2012-2014,,8.6,98921,3
tt0804503,"Jon Hamm, Elisabeth Moss, Vincent Kartheiser, January Jones",Won 5 Golden Globes. Another 132 wins & 381 nominations.,USA,N/A,Drama,English,"A drama about one of New York's most prestigious ad agencies at the beginning of the 1960s, focusing on one of the firm's most mysterious but extremely talented ad executives, Donald Draper.",https://m.media-amazon.com/images/M/MV5BMjMwNzk5Nzg2OV5BMl5BanBnXkFtZTgwMjg1OTk1NDE@._V1_SX300.jpg,TV-14,19-Jul-07,47,Mad Men,series,Matthew Weiner,2007-2015,,8.6,190101,7
tt0115101,"Robert Wuhl, Sandra Oh, Jim Turner, Michael Boatman",2 wins & 11 nominations.,USA,N/A,"Comedy, Sport",English,"Arliss Michaels is not a sports agent, he is a sports super agent. To his team of associates, the athletes he represents and the world around them, he is God. He is like Jerry Maguire, but ...",https://m.media-amazon.com/images/M/MV5BNzIxNzkwMDgyN15BMl5BanBnXkFtZTcwMDAxOTcxMQ@@._V1_SX300.jpg,N/A,10-Aug-96,30,Arli$$,series,Robert Wuhl,1996-2002,,7,1201,7
tt0159206,"Sarah Jessica Parker, Kim Cattrall, Kristin Davis, Cynthia Nixon",Won 8 Golden Globes. Another 40 wins & 163 nominations.,USA,N/A,"Comedy, Drama, Romance",English,Four female New Yorkers gossip about their sex lives (or lack thereof) and find new ways to deal with being a woman in the 1990s.,https://m.media-amazon.com/images/M/MV5BNGEyNDRjM2QtY2VlYy00OWRhLWI4N2UtZTM4NDc0MGM0YzBkXkEyXkFqcGdeQXVyNjk1Njg5NTA@._V1_SX300.jpg,TV-MA,06-Jun-98,30,Sex and the City,series,Darren Star,1998-2004,,7.1,99742,6
tt2891574,"Dwayne Johnson, John David Washington, Donovan W. Carter, Troy Garity",Nominated for 4 Primetime Emmys. Another 1 win & 22 nominations.,USA,N/A,"Comedy, Drama, Sport",English,"A series centered around a group of football players and their families, friends and handlers.",https://m.media-amazon.com/images/M/MV5BYzM5NDRkNzItN2FkZC00ZjQyLTlmYzctYmNiNTA4YzIxYTg2XkEyXkFqcGdeQXVyMzQ2MDI5NjU@._V1_SX300.jpg,TV-MA,21-Jun-15,30,Ballers,series,Stephen Levinson,2015-2019,,7.6,35548,5
tt3766376,"Danny McBride, Walton Goggins, Georgia King, Maya G. Love",Nominated for 1 Primetime Emmy. Another 2 wins & 4 nominations.,USA,N/A,Comedy,English,An over protective father is obsessed with becoming a principal and competes against the popular vice principal. However something happens that makes them work together to save the day.,https://m.media-amazon.com/images/M/MV5BMjQ2MjY0ODI4M15BMl5BanBnXkFtZTgwNTY3MjQyMzI@._V1_SX300.jpg,TV-MA,17-Jul-16,30,Vice Principals,series,"Jody Hill, Danny McBride",2016-2018,,8,18959,2
tt0384766,"Kevin McKidd, Ray Stevenson, Polly Walker, Kerry Condon",Nominated for 2 Golden Globes. Another 19 wins & 34 nominations.,"UK, USA",N/A,"Action, Drama, History, Romance, War",English,A down-to-earth account of the lives of both illustrious and ordinary Romans set in the last days of the Roman Republic.,https://m.media-amazon.com/images/M/MV5BZTM4NjBkMWEtZDA4My00MzA0LWI0ZWMtNzUwYWVhOThiMTgwXkEyXkFqcGdeQXVyNTAyODkwOQ@@._V1_SX300.jpg,TV-MA,28-Aug-05,52,Rome,series,"Bruno Heller, William J. MacDonald, John Milius",2005-2007,,8.7,146286,2
tt0118421,"Ernie Hudson, J.K. Simmons, Lee Tergesen, Dean Winters",Nominated for 2 Primetime Emmys. Another 15 wins & 51 nominations.,USA,N/A,"Crime, Drama, Thriller",English,A series chronicling the daily activities of an unusual prison facility and its criminal inhabitants.,https://m.media-amazon.com/images/M/MV5BY2ZjNGZiZWUtMDM5ZS00NWUwLWEwZTItZjRmZGVkOTkzMmI4XkEyXkFqcGdeQXVyNDIzMzcwNjc@._V1_SX300.jpg,TV-MA,12-Jul-97,55,Oz,series,Tom Fontana,1997-2003,,8.7,84175,6
tt1723816,"Lena Dunham, Allison Williams, Jemima Kirke, Adam Driver",Won 2 Golden Globes. Another 17 wins & 107 nominations.,USA,N/A,"Comedy, Drama",English,A comedy about the experiences of a group of girls in their early 20s.,https://m.media-amazon.com/images/M/MV5BMTU1Mzk2ODEzN15BMl5BanBnXkFtZTgwNDQwMjAxMTI@._V1_SX300.jpg,TV-MA,15-Apr-12,28,Girls,series,Lena Dunham,2012-2017,,7.3,62658,6
tt0374463,"James Badge Dale, Joseph Mazzello, Jon Seda, Ashton Holmes",Nominated for 1 Golden Globe. Another 35 wins & 42 nominations.,"USA, Australia",N/A,"Action, Adventure, Drama, History, War",English,"The Pacific Theatre of World War II, as seen through the eyes of several young Marines.",https://m.media-amazon.com/images/M/MV5BNmEwNmI1MjItNjNjYy00NDE5LWJiNTYtM2QxMTI5ZjllZTBhL2ltYWdlXkEyXkFqcGdeQXVyNTAyODkwOQ@@._V1_SX300.jpg,TV-MA,14-Mar-10,530,The Pacific,series,N/A,2010,,8.3,93168,1
tt1759761,"Julia Louis-Dreyfus, Anna Chlumsky, Tony Hale, Reid Scott",Nominated for 7 Golden Globes. Another 70 wins & 219 nominations.,USA,N/A,Comedy,English,Former Senator Selina Meyer finds that being Vice President of the United States is nothing like she hoped and everything that everyone ever warned her about.,https://m.media-amazon.com/images/M/MV5BMjE2NDM0OTEwMl5BMl5BanBnXkFtZTgwNzgwNDI0ODE@._V1_SX300.jpg,TV-MA,22-Apr-12,28,Veep,series,Armando Iannucci,2012-2019,,8.3,40605,7
tt5348176,"Bill Hader, Stephen Root, Sarah Goldberg, Anthony Carrigan",Nominated for 6 Golden Globes. Another 21 wins & 79 nominations.,USA,N/A,"Action, Comedy, Crime, Drama",English,A hit man from the Midwest moves to Los Angeles and gets caught up in the city's theatre arts scene.,https://m.media-amazon.com/images/M/MV5BMmY1NTk5N2QtYWQyOS00NjhiLWFhZmYtYWZmZGFlMjEzY2E2XkEyXkFqcGdeQXVyMzQ2MDI5NjU@._V1_SX300.jpg,TV-MA,25-Mar-18,30,Barry,series,"Alec Berg, Bill Hader",2018-,,8.3,34581,2
tt0224853,"T.K. Carter, Khandi Alexander, Sean Nelson, Clarke Peters",Won 3 Primetime Emmys. Another 11 wins & 19 nominations.,USA,N/A,"Crime, Drama",English,Chronicles West Baltimore family living in poverty on the front lines of America's drug war.,https://m.media-amazon.com/images/M/MV5BMTI3NzU0ODAwOF5BMl5BanBnXkFtZTYwMDcwOTk5._V1_SX300.jpg,N/A,16-Apr-00,376,The Corner,series,N/A,2000,,8.6,4174,1
tt7767422,"Asa Butterfield, Gillian Anderson, Ncuti Gatwa, Emma Mackey",5 nominations.,UK,N/A,"Comedy, Drama",English,A teenage boy with a sex therapist mother teams up with a high school classmate to set up an underground sex therapy clinic at school.,https://m.media-amazon.com/images/M/MV5BZjgyMzFiMDgtNWNmMS00ZDEyLTkzYzgtMjMzZjk4YjhjZWUxXkEyXkFqcGdeQXVyNDg4MjkzNDk@._V1_SX300.jpg,TV-MA,11-Jan-19,45,Sex Education,series,Laurie Nunn,2019-,,8.3,117791,3
tt7493974,"Richard Madden, Sophie Rundle, Vincent Franklin, Ash Tandon",Won 1 Golden Globe. Another 11 wins & 20 nominations.,UK,N/A,"Crime, Drama, Thriller",English,A contemporary thriller featuring the Royalty and Specialist Protection Branch of London's Metropolitan Police Service.,https://m.media-amazon.com/images/M/MV5BOTQ2YmU5YWYtYTdhMS00YjdmLThlMWMtMWVkZGVmNTVhOWE0XkEyXkFqcGdeQXVyODEyMzI2OTE@._V1_SX300.jpg,TV-MA,26-Aug-18,60,Bodyguard,series,Jed Mercurio,2018-,,8.2,79150,1
tt1266020,"Amy Poehler, Nick Offerman, Aubrey Plaza, Chris Pratt",Won 1 Golden Globe. Another 24 wins & 140 nominations.,USA,N/A,Comedy,English,The absurd antics of an Indiana town's public officials as they pursue sundry projects to make their city a better place.,https://m.media-amazon.com/images/M/MV5BMjA5MjUxNDgwNF5BMl5BanBnXkFtZTgwMDI5NjMwNDE@._V1_SX300.jpg,TV-14,09-Apr-09,22,Parks and Recreation,series,"Greg Daniels, Michael Schur",2009-2015,,8.6,189764,7
tt4532368,"Brandon Routh, Caity Lotz, Amy Louise Pemberton, Dominic Purcell",3 wins & 20 nominations.,USA,N/A,"Action, Adventure, Drama, Sci-Fi",English,"Time-travelling rogue Rip Hunter has to recruit a rag-tag team of heroes and villains to help prevent an apocalypse that could impact not only Earth, but all of time.",https://m.media-amazon.com/images/M/MV5BMTc1NTA2YWMtOTc1ZC00ZDk0LThmZDktODhhZjZiMjdkYmNkXkEyXkFqcGdeQXVyMTkxNjUyNQ@@._V1_SX300.jpg,TV-14,21-Jan-16,42,DC's Legends of Tomorrow,series,"Greg Berlanti, Marc Guggenheim, Phil Klemmer, Andrew Kreisberg",2016-,,6.8,86199,6
tt4254242,"Stella Maeve, Hale Appleman, Arjun Gupta, Summer Bishil",1 win & 8 nominations.,USA,N/A,"Drama, Fantasy, Mystery",English,"After being recruited to a secretive academy, a group of students discover that the magic they read about as children is very real-and more dangerous than they ever imagined.",https://m.media-amazon.com/images/M/MV5BYTU3ZWRmNDktMDQ0My00OGQzLTkzMzktOTVjZjUzMzVmNjNmXkEyXkFqcGdeQXVyMTkxNjUyNQ@@._V1_SX300.jpg,TV-14,16-Dec-15,60,The Magicians,series,N/A,2015-,,7.6,38734,5
tt6257970,"Jessica Barden, Alex Lawther, Steve Oram, Christine Bottomley",Nominated for 1 Primetime Emmy. Another 4 wins & 5 nominations.,UK,N/A,"Adventure, Comedy, Crime, Drama, Romance, Thriller",English,"James is 17 and is pretty sure he is a psychopath. Alyssa, also 17, is the cool and moody new girl at school. The pair make a connection and she persuades him to embark on a road trip in search of her real father.",https://m.media-amazon.com/images/M/MV5BN2ZhNmQ2MjQtMmQzMi00YjE5LTlkMWMtMjk5YzIxMjk2NDc2XkEyXkFqcGdeQXVyMTkxNjUyNQ@@._V1_SX300.jpg,TV-MA,24-Oct-17,25,The End of the F***ing World,series,Jonathan Entwistle,2017-2019,,8.1,120162,2
tt6729080,"Carey Mulligan, Jeany Spark, Nicola Walker, Nathaniel Martello-White",3 nominations.,"UK, USA",N/A,"Crime, Drama, Mystery, Thriller",English,London detectives investigating the seemingly random murder of a pizza delivery man uncover a convoluted case of interlocking circumstances amid a cross-section of British society.,https://m.media-amazon.com/images/M/MV5BNzY2MDg2Njk3MV5BMl5BanBnXkFtZTgwMTE4MTY4NDM@._V1_SX300.jpg,TV-MA,09-Mar-18,57,Collateral,series,N/A,2018,,6.8,11018,1
tt3342592,"Eliza Coupe, Jay Harrington, Carter MacIntyre, Oscar Nu?§ez",1 win.,USA,N/A,Comedy,English,"After losing her boyfriend and her high-powered job as an attorney all on one day, Nina finds that the only job available to her is at the Public Defender's office. She quickly realizes ...",https://m.media-amazon.com/images/M/MV5BMjA4OTg5NjUwMl5BMl5BanBnXkFtZTgwMTU5ODQxMzE@._V1_SX300.jpg,TV-14,28-Oct-14,23,Benched,series,"Damon Jones, Michaela Watkins",2014,,7.2,2431,1
tt2239947,"Sigourney Weaver, Carla Gugino, James Wolk, Sebastian Stan",Nominated for 2 Golden Globes. Another 2 wins & 28 nominations.,USA,N/A,Drama,"English, Russian, Chinese, French","A divorced, former First Lady, is currently serving as the Secretary of State. She deals with State Department issues, while trying to keep her family together.",https://m.media-amazon.com/images/M/MV5BMjIxMjY3MjgyNl5BMl5BanBnXkFtZTcwOTc1Mjc5Nw@@._V1_SX300.jpg,TV-14,15-Jul-12,360,Political Animals,series,N/A,2012-,,7.8,5556,1
tt0935095,"Mary McCormack, Frederick Weller, Paul Ben-Victor, Nichole Hiltz",5 nominations.,USA,N/A,"Crime, Drama, Mystery, Thriller",English,U.S. Marshal Mary Shannon must hunt down witnesses for federal cases in the witness protection program while also managing a rather dysfunctional family and her own personal life.,https://m.media-amazon.com/images/M/MV5BNDQxNzM5NzU0OF5BMl5BanBnXkFtZTcwNDg0MjY0Mg@@._V1_SX300.jpg,TV-14,01-Jun-08,60,In Plain Sight,series,David Maples,2008-2012,,7.2,9761,5
tt2393813,"Daniel Sunjata, Aaron Tveit, Vanessa Ferlito, Manny Montana",1 win & 3 nominations.,USA,N/A,"Action, Crime, Drama",English,"A rookie FBI agent is sent to a house for undercover agents in Southern California, where he is trained by a former legend FBI agent.",https://m.media-amazon.com/images/M/MV5BMTQzNjM5OTc5NV5BMl5BanBnXkFtZTgwMjExMTg5MTE@._V1_SX300.jpg,N/A,N/A,42,Graceland,series,Jeff Eastin,2013-2015,,7.7,15484,3
tt1495708,"Piper Perabo, Christopher Gorham, Kari Matchett, Peter Gallagher",Nominated for 1 Golden Globe. Another 1 win.,USA,N/A,"Action, Crime, Drama, Mystery, Thriller",English,"Fresh out of the farm, Annie Walker must adapt to the challenging life of a CIA operative under the guidance of her handler, Auggie. But soon she realizes her recruit might have to do with her last boyfriend rather than her talent.",https://m.media-amazon.com/images/M/MV5BMTM3Nzk5Njc3M15BMl5BanBnXkFtZTcwMTUxNzc4Nw@@._V1_SX300.jpg,TV-PG,13-Jul-10,60,Covert Affairs,series,"Matt Corman, Chris Ord",2010-2014,,7.3,25855,5
tt0810788,"Jeffrey Donovan, Gabrielle Anwar, Bruce Campbell, Sharon Gless",Nominated for 4 Primetime Emmys. Another 6 wins & 13 nominations.,USA,N/A,"Action, Crime, Drama, Mystery, Thriller",English,A spy recently disavowed by the U.S. government uses his special ops training to help others in trouble.,https://m.media-amazon.com/images/M/MV5BMTczMzg4NjU1Ml5BMl5BanBnXkFtZTcwODc4NzY5Nw@@._V1_SX300.jpg,TV-PG,28-Jun-07,44,Burn Notice,series,Matt Nix,2007-2013,,7.9,65790,7
tt1358522,"Matt Bomer, Tim DeKay, Willie Garson, Tiffani Thiessen",11 nominations.,USA,N/A,"Comedy, Crime, Drama, Mystery",English,"A white collar criminal agrees to help the FBI catch other white collar criminals using his expertise as an art and securities thief, counterfeiter, and conman.",https://m.media-amazon.com/images/M/MV5BNDI5MDgyMTYzNF5BMl5BanBnXkFtZTcwMjAwNzk1Mw@@._V1_SX300.jpg,TV-PG,23-Oct-09,40,White Collar,series,Jeff Eastin,2009-2014,,8.2,112984,6
tt0491738,"James Roday, Dul?? Hill, Timothy Omundson, Maggie Lawson",Nominated for 1 Primetime Emmy. Another 5 wins & 30 nominations.,USA,N/A,"Comedy, Crime, Mystery",English,"A novice sleuth is hired by the Police after he cons them into thinking he has psychic powers which help solve crimes. With the assistance of his reluctant best friend, the duo take on a series of complicated cases.",https://m.media-amazon.com/images/M/MV5BYzRkOWRmNGUtYzM0Zi00ZGRkLThhMjktNmI4NDYwZDVmODBkXkEyXkFqcGdeQXVyNTA4NzY1MzY@._V1_SX300.jpg,TV-PG,07-Jul-06,44,Psych,series,Steve Franks,2006-2014,,8.3,80060,8
tt0312172,"Tony Shalhoub, Jason Gray-Stanford, Ted Levine, Traylor Howard",Won 1 Golden Globe. Another 21 wins & 46 nominations.,USA,N/A,"Comedy, Crime, Drama, Mystery",English,"Adrian Monk is a brilliant San Francisco detective, whose obsessive compulsive disorder just happens to get in the way.",https://m.media-amazon.com/images/M/MV5BM2M4NjM0N2QtMDlmNi00NzNkLWEyYjItOTczMjk1ZjU2NDdiXkEyXkFqcGdeQXVyNzA5NjUyNjM@._V1_SX300.jpg,TV-PG,12-Jul-02,44,Monk,series,Andy Breckman,2002-2009,,7.9,61280,8
